word,count
關鍵,0
特別,0
當你,0
高階,0
相反,0
等,0
聽眾,0
段,0
那些,0
最精華,0
填時間,0
順序,0
主管,0
如果,0
生共鳴,0
講時,0
大學剛,0
）,0
客,0
郵件,0
新構,0
背景,0
體驗,0
指定,0
製,0
展現,0
曾,0
模組,0
沒什麼,0
生活,0
可依,0
平衡,0
針對,0
趨勢,0
類似,0
因為,0
聽過,0
講裡,0
文化,0
各約數,0
放在,0
任何,0
放心,0
新,0
直接,0
三十,0
人,0
大轉變,0
更,0
地區,0
會,0
感到,0
表演,0
12,0
先,0
演講時,0
或是,0
會有,0
還有,0
很,0
多次,0
企業,0
如何,0
選人,0
提供,0
就,0
獨白,0
結果,0
的,0
中,0
該,0
每年,0
你,0
納入,0
並不,0
以便,0
預期,0
容易,0
移動,0
家,0
職能,0
人士,0
一定,0
幫,0
想,0
最,0
改革方案,0
要點,0
場有,0
。,0
去,0
才,0
回答,0
觀眾,0
一群,0
相當,0
工學會,0
創業,0
專業,0
一樣,0
請,0
與,0
發揮,0
大量,0
高等教育,0
，,0
會用,0
人工智慧,0
基本上,0
首先,0
到,0
講,0
希望,0
獨特價值,0
受邀,0
建立,0
若要,0
部門,0
讓,0
演講,0
以下,0
從,0
時,0
知識,0
主要,0
只是,0
重組,0
留意,0
委,0
組合,0
聽,0
特性,0
達,0
通常,0
有些,0
他們,0
經驗,0
候選人,0
麻煩,0
都,0
醫療,0
主題,0
書裡,0
弄清楚,0
部分,0
有,0
重新,0
非常,0
感覺,0
段落,0
不可分割,0
找到,0
學費,0
資深,0
絕佳,0
增加,0
即可,0
去年,0
提及,0
人生,0
自己,0
強化,0
加,0
這,0
第二,0
故事,0
至,0
總統候,0
高層,0
加強,0
有共鳴,0
講稿,0
剛升職,0
為,0
負擔,0
透過,0
若,0
無法,0
知道,0
電話,0
填補,0
發,0
每次,0
無聊,0
於,0
時間,0
已,0
發表類,0
當成,0
進行,0
人物,0
關聯性,0
之,0
情況,0
我,0
一來,0
身為,0
：,0
調整,0
後,0
」,0
資訊,0
因素,0
運用,0
點,0
適當,0
看成,0
符合,0
起,0
聯邦,0
分鐘,0
歷經,0
當中,0
多,0
必須,0
或,0
許多,0
採用,0
舉例,0
專業演,0
、,0
它,0
好好,0
裡的,0
目標,0
當他,0
協同,0
就是,0
重心,0
完全,0
要,0
城市,0
整體,0
保險,0
重要,0
和,0
選擇,0
打造,0
最多得,0
經常,0
做法,0
畢業,0
充分,0
許多以,0
把,0
方式,0
各異,0
以及,0
領域,0
這位,0
三個,0
那場,0
包含,0
得,0
會議,0
並,0
這些,0
人口,0
共同,0
合作,0
策略,0
素材,0
女性,0
性別,0
例如,0
？,0
省,0
以,0
領導,0
之前,0
適合,0
區域,0
產業,0
邀請,0
因此,0
一個,0
可協助,0
託,0
經理,0
；,0
大段,0
"
",0
心理,0
那麼,0
需,0
跨部門,0
處,0
能產,0
同時,0
人員,0
所,0
了解,0
美國,0
情境,0
都講,0
同樣,0
計畫,0
多年,0
一天,0
再,0
屬,0
地,0
過往,0
某些,0
對,0
這個,0
標準,0
活動,0
避免,0
哪些,0
碰到,0
單位,0
除了,0
資訊給,0
安心,0
溝通,0
提到,0
一場,0
協助員,0
比較,0
一些,0
在,0
Medicare,0
角色,0
活動裡,0
似內容,0
內容,0
講人,0
構思新,0
例子,0
成功,0
像是,0
隨著,0
是否,0
主辦,0
而,0
來,0
好,0
最佳,0
某位,0
藥,0
講過,0
這麼,0
不要,0
做到,0
想要,0
15,0
最近,0
某個,0
適度,0
演講稿,0
年齡層,0
達到,0
有用,0
競選演,0
上,0
創新為,0
重要性,0
「,0
另,0
能,0
可能,0
工作,0
有效,0
說,0
而應,0
演練,0
挑選,0
但,0
應,0
重新安排,0
他,0
酬勞,0
公司,0
擔任,0
是,0
鮮人,0
傳達,0
可以,0
過去,0
電子,0
展出,0
了,0
應該,0
訊息,0
問題,0
（,0
發表六場,0
換,0
精神,0
競選,0
地理,0
研討會,0
強調,0
發現,0
自,0
特定,0
內容應,0
也,0
一小,0
錢,0
需求,0
五十,0
需要,0
沒,0
不同,0
化,0
